{"1-1-T": [0.5, 0.0345424363598863], "1-2-T": [0.732728781820057, 0.09690192550404947], "1-3-T": [0.9030980744959506, 0.26727121817994315], "1-4-T": [0.9654575636401137, 0.5], "1-5-T": [0.9030980744959506, 0.7327287818200569], "1-6-T": [0.732728781820057, 0.9030980744959505], "1-7-T": [0.5, 0.9654575636401137], "1-8-T": [0.26727121817994326, 0.9030980744959507], "1-9-T": [0.09690192550404941, 0.7327287818200569], "1-10-T": [0.0345424363598863, 0.5000000000000001], "1-11-T": [0.09690192550404947, 0.26727121817994304], "1-12-T": [0.2672712181799429, 0.09690192550404964], "2-1-B": [0.6257683028238332, 0.03062630387974624], "2-1-T": [0.6069887094259069, 0.10071270058629217], "2-2-B": [0.8436053932964206, 0.15639460670357952], "2-2-T": [0.792298589987801, 0.2077014100121991], "2-3-B": [0.9693736961202537, 0.37423169717616683], "2-3-T": [0.8992872994137078, 0.3930112905740931], "2-4-B": [0.9693736961202537, 0.6257683028238332], "2-4-T": [0.8992872994137078, 0.6069887094259069], "2-5-B": [0.8436053932964206, 0.8436053932964205], "2-5-T": [0.792298589987801, 0.7922985899878009], "2-6-B": [0.6257683028238332, 0.9693736961202537], "2-6-T": [0.6069887094259069, 0.8992872994137078], "2-7-B": [0.3742316971761668, 0.9693736961202537], "2-7-T": [0.39301129057409306, 0.8992872994137078], "2-8-B": [0.15639460670357952, 0.8436053932964206], "2-8-T": [0.2077014100121991, 0.792298589987801], "2-9-B": [0.030626303879746353, 0.6257683028238333], "2-9-T": [0.10071270058629217, 0.606988709425907], "2-10-B": [0.03062630387974624, 0.374231697176167], "2-10-T": [0.10071270058629206, 0.39301129057409323], "2-11-B": [0.15639460670357935, 0.15639460670357952], "2-11-T": [0.207701410012199, 0.2077014100121991], "2-12-B": [0.3742316971761669, 0.03062630387974624], "2-12-T": [0.3930112905740931, 0.10071270058629217], "3-1-B": [0.5, 0.06267962175120773], "3-1-T": [0.5, 0.16475181590166177], "3-2-B": [0.7186601891243962, 0.12126944284392621], "3-2-T": [0.6676240920491692, 0.2096665559982368], "3-3-B": [0.8787305571560738, 0.2813398108756039], "3-3-T": [0.7903334440017632, 0.33237590795083094], "3-4-B": [0.9373203782487922, 0.5], "3-4-T": [0.8352481840983382, 0.5], "3-5-B": [0.8787305571560738, 0.7186601891243961], "3-5-T": [0.7903334440017632, 0.6676240920491691], "3-6-B": [0.7186601891243962, 0.8787305571560737], "3-6-T": [0.6676240920491692, 0.7903334440017632], "3-7-B": [0.5, 0.9373203782487922], "3-7-T": [0.5, 0.8352481840983382], "3-8-B": [0.281339810875604, 0.8787305571560738], "3-8-T": [0.33237590795083094, 0.7903334440017633], "3-9-B": [0.12126944284392616, 0.7186601891243961], "3-9-T": [0.2096665559982368, 0.6676240920491691], "3-10-B": [0.06267962175120773, 0.5], "3-10-T": [0.16475181590166177, 0.5], "3-11-B": [0.12126944284392621, 0.28133981087560384], "3-11-T": [0.2096665559982368, 0.33237590795083083], "3-12-B": [0.28133981087560367, 0.12126944284392638], "3-12-T": [0.3323759079508307, 0.20966655599823686], "4-1-B": [0.5997062699710525, 0.12789113463485302], "4-1-T": [0.5665485203354651, 0.25163754093951374], "4-2-B": [0.7724025953940945, 0.22759740460590555], "4-2-T": [0.6818139387250213, 0.31818606127497884], "4-3-B": [0.872108865365147, 0.4002937300289475], "4-3-T": [0.7483624590604863, 0.43345147966453496], "4-4-B": [0.872108865365147, 0.5997062699710525], "4-4-T": [0.7483624590604863, 0.5665485203354651], "4-5-B": [0.7724025953940945, 0.7724025953940945], "4-5-T": [0.6818139387250213, 0.6818139387250212], "4-6-B": [0.5997062699710525, 0.872108865365147], "4-6-T": [0.5665485203354651, 0.7483624590604863], "4-7-B": [0.40029373002894747, 0.872108865365147], "4-7-T": [0.4334514796645349, 0.7483624590604863], "4-8-B": [0.22759740460590555, 0.7724025953940945], "4-8-T": [0.31818606127497884, 0.6818139387250213], "4-9-B": [0.12789113463485308, 0.5997062699710526], "4-9-T": [0.25163754093951374, 0.5665485203354651], "4-10-B": [0.1278911346348529, 0.40029373002894764], "4-10-T": [0.25163754093951374, 0.433451479664535], "4-11-B": [0.2275974046059055, 0.22759740460590555], "4-11-T": [0.3181860612749787, 0.31818606127497884], "4-12-B": [0.4002937300289475, 0.12789113463485302], "4-12-T": [0.43345147966453496, 0.25163754093951374], "5-1-B": [0.5, 0.1928890012929832], "5-1-T": [0.5, 0.33315346541543334], "5-2-B": [0.6535554993535084, 0.2340340733381136], "5-2-T": [0.5834232672922833, 0.3555066625163663], "5-3-B": [0.7659659266618865, 0.3464445006464916], "5-3-T": [0.6444933374836337, 0.41657673270771667], "5-4-B": [0.8071109987070169, 0.5], "5-4-T": [0.6668465345845667, 0.5], "5-5-B": [0.7659659266618865, 0.6535554993535084], "5-5-T": [0.6444933374836337, 0.5834232672922833], "5-6-B": [0.6535554993535084, 0.7659659266618863], "5-6-T": [0.5834232672922833, 0.6444933374836337], "5-7-B": [0.5, 0.8071109987070169], "5-7-T": [0.5, 0.6668465345845667], "5-8-B": [0.3464445006464917, 0.7659659266618866], "5-8-T": [0.41657673270771667, 0.6444933374836337], "5-9-B": [0.23403407333811355, 0.6535554993535084], "5-9-T": [0.3555066625163663, 0.5834232672922833], "5-10-B": [0.1928890012929832, 0.5], "5-10-T": [0.33315346541543334, 0.5], "5-11-B": [0.2340340733381136, 0.34644450064649157], "5-11-T": [0.3555066625163663, 0.4165767327077166], "5-12-B": [0.34644450064649146, 0.23403407333811366], "5-12-T": [0.41657673270771656, 0.35550666251636637], "6-1-B": [0.5592660808806107, 0.27881597498807464], "6-1-T": [0.5252092186354577, 0.40591791523335974], "6-2-B": [0.6619179441313148, 0.3380820558686853], "6-2-T": [0.5688728661311826, 0.43112713386881746], "6-3-B": [0.7211840250119254, 0.44073391911938936], "6-3-T": [0.5940820847666403, 0.47479078136454234], "6-4-B": [0.7211840250119254, 0.5592660808806107], "6-4-T": [0.5940820847666403, 0.5252092186354577], "6-5-B": [0.6619179441313148, 0.6619179441313148], "6-5-T": [0.5688728661311826, 0.5688728661311826], "6-6-B": [0.5592660808806107, 0.7211840250119254], "6-6-T": [0.5252092186354577, 0.5940820847666403], "6-7-B": [0.4407339191193893, 0.7211840250119254], "6-7-T": [0.4747907813645423, 0.5940820847666403], "6-8-B": [0.3380820558686853, 0.6619179441313148], "6-8-T": [0.43112713386881746, 0.5688728661311826], "6-9-B": [0.27881597498807464, 0.5592660808806107], "6-9-T": [0.40591791523335974, 0.5252092186354577], "6-10-B": [0.27881597498807453, 0.4407339191193894], "6-10-T": [0.40591791523335974, 0.47479078136454234], "6-11-B": [0.3380820558686852, 0.3380820558686853], "6-11-T": [0.4311271338688174, 0.43112713386881746], "6-12-B": [0.44073391911938936, 0.27881597498807464], "6-12-T": [0.47479078136454234, 0.40591791523335974], "7-1-B": [0.5, 0.36129065080675477], "7-1-T": [0.5, 0.48593140730433926], "7-2-B": [0.5693546745966227, 0.3798741798562431], "7-2-T": [0.5070342963478304, 0.48781624133006163], "7-3-B": [0.620125820143757, 0.4306453254033774], "7-3-T": [0.5121837586699384, 0.49296570365216963], "7-4-B": [0.6387093491932452, 0.5], "7-4-T": [0.5140685926956607, 0.5], "7-5-B": [0.620125820143757, 0.5693546745966226], "7-5-T": [0.5121837586699384, 0.5070342963478304], "7-6-B": [0.5693546745966227, 0.620125820143757], "7-6-T": [0.5070342963478304, 0.5121837586699384], "7-7-B": [0.5, 0.6387093491932452], "7-7-T": [0.5, 0.5140685926956607], "7-8-B": [0.4306453254033774, 0.620125820143757], "7-8-T": [0.49296570365216963, 0.5121837586699384], "7-9-B": [0.37987417985624305, 0.5693546745966226], "7-9-T": [0.48781624133006163, 0.5070342963478304], "7-10-B": [0.36129065080675477, 0.5], "7-10-T": [0.48593140730433926, 0.5], "7-11-B": [0.3798741798562431, 0.43064532540337735], "7-11-T": [0.48781624133006163, 0.49296570365216963], "7-12-B": [0.4306453254033773, 0.3798741798562431], "7-12-T": [0.49296570365216963, 0.48781624133006163]}